index,사용자 ID,칼로리,메뉴_encoded,cluster
0,1,606.89898989899,60.07575757575758,1
1,2,598.5370370370371,57.07912457912458,2
2,3,596.702861952862,56.14141414141414,0
3,4,599.4587542087542,58.63468013468013,2
